INSERT INTO USER (USERID, USERNAME, PASSWORD, ENABLED, ROLE) VALUES (999999, 'admin', '$2a$12$MdZQ196e5yUcMO3Rf.mhfuAUCypWJBfMpGs1i7pheStyVjDTjIfGq', '1', 'ROLE_ADMIN');

INSERT INTO PACKAGE (PACKAGEID, NAME) VALUES (1001, 'sport');
INSERT INTO PACKAGE (PACKAGEID, NAME) VALUES (1002, 'movie');

INSERT INTO CHANNEL (CHANNELID, NAME, LANGUAGE) VALUES (2001, 'ESPN', 'English');
INSERT INTO CHANNEL (CHANNELID, NAME, LANGUAGE) VALUES (2002, 'ESPN2', 'English');
INSERT INTO CHANNEL (CHANNELID, NAME, LANGUAGE) VALUES (2003, 'HBO', 'English');
INSERT INTO CHANNEL (CHANNELID, NAME, LANGUAGE) VALUES (2004, 'Cinemax', 'Spanish');

INSERT INTO PACKAGE_CHANNEL(PACKAGEID, CHANNELID) VALUES (1001, 2001);
INSERT INTO PACKAGE_CHANNEL(PACKAGEID, CHANNELID) VALUES (1001, 2002);
INSERT INTO PACKAGE_CHANNEL(PACKAGEID, CHANNELID) VALUES (1002, 2003);
INSERT INTO PACKAGE_CHANNEL(PACKAGEID, CHANNELID) VALUES (1002, 2004);

INSERT INTO CLIENT (CLIENTID, USERNAME, PASSWORD, FIRSTNAME, LASTNAME, EMAIL, PHONE, LANGUAGE, PINCODE,
                    ADDRESS, CITY, ZIPCODE, STATE, COUNTRY, EXPIRATIONTIME, LASTACCESS, REGISTERED)
VALUES (3001,'user','somepassword','Ivan','Ivanov','myemail@mail.com','+123456789','Russian', '2548968',
        'Some st., 89', 'Minsk', '220022', '', 'BY', '2015-12-31 23:59:59', '2015-07-30 15:12:34','2015-02-03 01:59:59');

INSERT INTO CLIENT (CLIENTID, USERNAME, PASSWORD, FIRSTNAME, LASTNAME, EMAIL, PHONE, LANGUAGE, PINCODE,
                    ADDRESS, CITY, ZIPCODE, STATE, COUNTRY, EXPIRATIONTIME, LASTACCESS, REGISTERED)
VALUES (3002,'second','somepasswordagain','Liapsus','Tinatus','hisemail@mail.com','789456132','Lithuanian', '12345678',
        'Another st., 89', 'Vilnius', '240120', '', 'LV', '2016-12-31 23:59:59', '2015-06-25 05:17:56','2015-04-12 17:48:59');

INSERT INTO CLIENT_PACKAGE (CLIENTID, PACKAGEID) VALUES (3001, 1001);
INSERT INTO CLIENT_PACKAGE (CLIENTID, PACKAGEID) VALUES (3002, 1002);
